{
  "project_info": {
    "project_number": "389387442539",
    "project_id": "meezansync-60e5c",
    "storage_bucket": "meezansync-60e5c.firebasestorage.app"
  },
  "client": [
    {
      "client_info": {
        "mobilesdk_app_id": "1:389387442539:android:f405b01b9fa74e0607142e",
        "android_client_info": {
          "package_name": "me.bolow.MeezanSync"
        }
      },
      "oauth_client": [
        {
          "client_id": "389387442539-3ppt3mh7ljgpgl2ur23cg2l9g56hmoq7.apps.googleusercontent.com",
          "client_type": 1,
          "android_info": {
            "package_name": "me.bolow.MeezanSync",
            "certificate_hash": "7fc6f1321a85c7bdb2f2c56a8789ed95264a801d"
          }
        },
        {
          "client_id": "389387442539-etnv1bk64rrse2v7ilsnag0i09vbi8bp.apps.googleusercontent.com",
          "client_type": 3
        }
      ],
      "api_key": [
        {
          "current_key": "AIzaSyAFvOuHArqK4m3l8os5-9PtCMHDUXSdRkc"
        }
      ],
      "services": {
        "appinvite_service": {
          "other_platform_oauth_client": [
            {
              "client_id": "389387442539-etnv1bk64rrse2v7ilsnag0i09vbi8bp.apps.googleusercontent.com",
              "client_type": 3
            },
            {
              "client_id": "389387442539-4n43g5sl4cbpe12c7ulfv60d186bg4aa.apps.googleusercontent.com",
              "client_type": 2,
              "ios_info": {
                "bundle_id": "com.example.quranAppFlutter"
              }
            }
          ]
        }
      }
    }
  ],
  "configuration_version": "1"
}